序号,链接,节点数
0,https://gitlab.com/colloq168/nodefiltrate/-/raw/main/filtrate?ref_type=heads,0
1,https://j2cOBF.absslk.xyz/06381caf39f5307fc439ed2e8c9a3769,0
2,https://raw.githubusercontent.com/Alvin9999/pac2/master/clash.meta2/1/config.yaml,1
3,https://raw.githubusercontent.com/Alvin9999/pac2/master/clash.meta2/13/config.yaml,1
4,https://raw.githubusercontent.com/Alvin9999/pac2/master/clash.meta2/15/config.yaml,1
5,https://raw.githubusercontent.com/Alvin9999/pac2/master/clash.meta2/2/config.yaml,1
6,https://raw.githubusercontent.com/Alvin9999/pac2/master/clash.meta2/config.yaml,1
7,https://raw.githubusercontent.com/Huibq/TrojanLinks/master/links/vmess,0
8,https://raw.githubusercontent.com/Surfboardv2ray/TGParse/main/python/hy2,57
9,https://raw.githubusercontent.com/Surfboardv2ray/TGParse/main/python/hysteria2,256
10,https://raw.githubusercontent.com/Vanic24/VPN/main/8EB,28
11,https://raw.githubusercontent.com/Vanic24/VPN/main/MIX,33
12,https://raw.githubusercontent.com/qjlxg/hy2/main/splitted/hy2,0
13,https://raw.githubusercontent.com/ripaojiedian/freenode/main/clash,16
14,https://raw.githubusercontent.com/ripaojiedian/freenode/main/sub,16
15,https://raw.githubusercontent.com/zhangkaiitugithub/passcro/main/speednodes.yaml,7
16,https://vvy5Hw.mcsslk.xyz/5d5a68e132edd4c2e1bba9627a14ccca,0
17,dynamic://peasoft,0

总计,,259
